{
	"credit": "Made with Blockbench",
	"textures": {
		"0": "constructionwand:item/core_destruction",
		"particle": "constructionwand:item/core_destruction"
	},
	"elements": [
		{
			"from": [5, 5, 5],
			"to": [11, 11, 11],
			"rotation": {"angle": 0, "axis": "y", "origin": [8, 2, 32]},
			"faces": {
				"north": {"uv": [0, 0, 6, 6], "texture": "#0"},
				"east": {"uv": [0, 5, 6, 11], "texture": "#0"},
				"south": {"uv": [0, 5, 6, 11], "rotation": 270, "texture": "#0"},
				"west": {"uv": [0, 0, 6, 6], "rotation": 270, "texture": "#0"},
				"up": {"uv": [0, 0, 6, 6], "rotation": 270, "texture": "#0"},
				"down": {"uv": [0, 5, 6, 11], "rotation": 180, "texture": "#0"}
			}
		},
		{
			"from": [6, 6, 6],
			"to": [10, 10, 10],
			"rotation": {"angle": 0, "axis": "y", "origin": [8, 2, 32]},
			"faces": {
				"north": {"uv": [6, 0, 12, 6], "texture": "#0"},
				"east": {"uv": [6, 0, 12, 6], "texture": "#0"},
				"south": {"uv": [6, 0, 12, 6], "texture": "#0"},
				"west": {"uv": [6, 0, 12, 6], "texture": "#0"},
				"up": {"uv": [6, 0, 12, 6], "texture": "#0"},
				"down": {"uv": [6, 0, 12, 6], "texture": "#0"}
			}
		}
	],
	"display": {
		"thirdperson_righthand": {
			"translation": [0, 0.75, 0],
			"scale": [0.5, 0.5, 0.5]
		},
		"thirdperson_lefthand": {
			"translation": [0, 0.75, 0],
			"scale": [0.5, 0.5, 0.5]
		},
		"firstperson_righthand": {
			"translation": [0, 3, 2.25],
			"scale": [0.5, 0.5, 0.5]
		},
		"firstperson_lefthand": {
			"translation": [0, 3, 2.25],
			"scale": [0.5, 0.5, 0.5]
		},
		"gui": {
			"rotation": [-177.24, -52.87, 156.15],
			"translation": [-0.25, -0.25, 0],
			"scale": [1.25, 1.25, 1.25]
		}
	}
}