{
	"credit": "Made with Blockbench",
	"textures": {
		"0": "constructionwand:item/core_angel",
		"particle": "constructionwand:item/core_angel"
	},
	"elements": [
		{
			"from": [5, 5, 5],
			"to": [11, 11, 11],
			"rotation": {"angle": 0, "axis": "y", "origin": [8, 2, 32]},
			"faces": {
				"north": {"uv": [0, 0, 6, 6], "texture": "#0"},
				"east": {"uv": [0, 5, 6, 11], "texture": "#0"},
				"south": {"uv": [0, 5, 6, 11], "rotation": 270, "texture": "#0"},
				"west": {"uv": [0, 0, 6, 6], "rotation": 270, "texture": "#0"},
				"up": {"uv": [0, 0, 6, 6], "rotation": 270, "texture": "#0"},
				"down": {"uv": [0, 5, 6, 11], "rotation": 180, "texture": "#0"}
			}
		},
		{
			"from": [6, 6, 6],
			"to": [10, 10, 10],
			"rotation": {"angle": 0, "axis": "y", "origin": [8, 2, 32]},
			"faces": {
				"north": {"uv": [6, 0, 12, 6], "texture": "#0"},
				"east": {"uv": [6, 0, 12, 6], "texture": "#0"},
				"south": {"uv": [6, 0, 12, 6], "texture": "#0"},
				"west": {"uv": [6, 0, 12, 6], "texture": "#0"},
				"up": {"uv": [6, 0, 12, 6], "texture": "#0"},
				"down": {"uv": [6, 0, 12, 6], "texture": "#0"}
			}
		},
		{
			"from": [3, 8, 5],
			"to": [6, 8, 11],
			"faces": {
				"north": {"uv": [0, 0, 3, 0], "texture": "#missing"},
				"east": {"uv": [0, 0, 6, 0], "texture": "#missing"},
				"south": {"uv": [0, 0, 3, 0], "texture": "#missing"},
				"west": {"uv": [0, 0, 6, 0], "texture": "#missing"},
				"up": {"uv": [13, 10, 16, 16], "texture": "#0"},
				"down": {"uv": [10, 16, 13, 10], "texture": "#0"}
			}
		},
		{
			"from": [15, 8, 6],
			"to": [17, 8, 14],
			"rotation": {"angle": 0, "axis": "y", "origin": [16, 0, 0]},
			"faces": {
				"north": {"uv": [2, 0, 0, 0], "texture": "#missing"},
				"east": {"uv": [8, 0, 0, 0], "texture": "#missing"},
				"south": {"uv": [2, 0, 0, 0], "texture": "#missing"},
				"west": {"uv": [8, 0, 0, 0], "texture": "#missing"},
				"up": {"uv": [11, 8, 9, 16], "texture": "#0"},
				"down": {"uv": [11, 16, 9, 8], "texture": "#0"}
			}
		},
		{
			"from": [15, 8, 6],
			"to": [15, 8.5, 12],
			"rotation": {"angle": 0, "axis": "y", "origin": [16, 0, 0]},
			"faces": {
				"north": {"uv": [0, 0, 0, 0.5], "texture": "#missing"},
				"east": {"uv": [9, 9, 9.5, 15], "rotation": 90, "texture": "#0"},
				"south": {"uv": [0, 0, 0, 0.5], "texture": "#missing"},
				"west": {"uv": [10.5, 14, 11, 8], "rotation": 90, "texture": "#0"},
				"up": {"uv": [0, 0, 0, 6], "texture": "#missing"},
				"down": {"uv": [0, 0, 0, 6], "texture": "#missing"}
			}
		},
		{
			"from": [13, 8.5, 5],
			"to": [15, 8.5, 11],
			"rotation": {"angle": 0, "axis": "y", "origin": [16, 0, 0]},
			"faces": {
				"north": {"uv": [2, 0, 0, 0], "texture": "#missing"},
				"east": {"uv": [6, 0, 0, 0], "texture": "#missing"},
				"south": {"uv": [2, 0, 0, 0], "texture": "#missing"},
				"west": {"uv": [6, 0, 0, 0], "texture": "#missing"},
				"up": {"uv": [13, 10, 11, 16], "texture": "#0"},
				"down": {"uv": [13, 16, 15, 10], "texture": "#0"}
			}
		},
		{
			"from": [13, 8, 5],
			"to": [13, 8.5, 11],
			"rotation": {"angle": 0, "axis": "y", "origin": [16, 0, 0]},
			"faces": {
				"north": {"uv": [0, 0, 0, 0.5], "texture": "#missing"},
				"east": {"uv": [13, 10, 13.5, 16], "rotation": 90, "texture": "#0"},
				"south": {"uv": [0, 0, 0, 0.5], "texture": "#missing"},
				"west": {"uv": [13.5, 16, 13, 10], "rotation": 90, "texture": "#0"},
				"up": {"uv": [0, 0, 0, 6], "texture": "#missing"},
				"down": {"uv": [0, 0, 0, 6], "texture": "#missing"}
			}
		},
		{
			"from": [10, 8, 5],
			"to": [13, 8, 11],
			"rotation": {"angle": 0, "axis": "y", "origin": [16, 0, 0]},
			"faces": {
				"north": {"uv": [3, 0, 0, 0], "texture": "#missing"},
				"east": {"uv": [6, 0, 0, 0], "texture": "#missing"},
				"south": {"uv": [3, 0, 0, 0], "texture": "#missing"},
				"west": {"uv": [6, 0, 0, 0], "texture": "#missing"},
				"up": {"uv": [16, 10, 13, 16], "texture": "#0"},
				"down": {"uv": [13, 16, 10, 10], "texture": "#0"}
			}
		},
		{
			"from": [3, 8, 5],
			"to": [3, 8.5, 11],
			"faces": {
				"north": {"uv": [0, 0, 0, 0.5], "texture": "#missing"},
				"east": {"uv": [13.5, 10, 13, 16], "rotation": 90, "texture": "#0"},
				"south": {"uv": [0, 0, 0, 0.5], "texture": "#missing"},
				"west": {"uv": [13, 16, 13.5, 10], "rotation": 90, "texture": "#0"},
				"up": {"uv": [0, 0, 0, 6], "texture": "#missing"},
				"down": {"uv": [0, 0, 0, 6], "texture": "#missing"}
			}
		},
		{
			"from": [1, 8, 6],
			"to": [1, 8.5, 12],
			"faces": {
				"north": {"uv": [0, 0, 0, 0.5], "texture": "#missing"},
				"east": {"uv": [10.5, 8, 11, 14], "rotation": 90, "texture": "#0"},
				"south": {"uv": [0, 0, 0, 0.5], "texture": "#missing"},
				"west": {"uv": [9, 15, 9.5, 9], "rotation": 90, "texture": "#0"},
				"up": {"uv": [0, 0, 0, 6], "texture": "#missing"},
				"down": {"uv": [0, 0, 0, 6], "texture": "#missing"}
			}
		},
		{
			"from": [1, 8.5, 5],
			"to": [3, 8.5, 11],
			"faces": {
				"north": {"uv": [0, 0, 2, 0], "texture": "#missing"},
				"east": {"uv": [0, 0, 6, 0], "texture": "#missing"},
				"south": {"uv": [0, 0, 2, 0], "texture": "#missing"},
				"west": {"uv": [0, 0, 6, 0], "texture": "#missing"},
				"up": {"uv": [11, 10, 13, 16], "texture": "#0"},
				"down": {"uv": [15, 16, 13, 10], "texture": "#0"}
			}
		},
		{
			"from": [-1, 8, 6],
			"to": [1, 8, 14],
			"faces": {
				"north": {"uv": [0, 0, 2, 0], "texture": "#missing"},
				"east": {"uv": [0, 0, 8, 0], "texture": "#missing"},
				"south": {"uv": [0, 0, 2, 0], "texture": "#missing"},
				"west": {"uv": [0, 0, 8, 0], "texture": "#missing"},
				"up": {"uv": [9, 8, 11, 16], "texture": "#0"},
				"down": {"uv": [9, 16, 11, 8], "texture": "#0"}
			}
		}
	],
	"gui_light": "front",
	"display": {
		"thirdperson_righthand": {
			"translation": [0, 0.75, 0],
			"scale": [0.5, 0.5, 0.5]
		},
		"thirdperson_lefthand": {
			"translation": [0, 0.75, 0],
			"scale": [0.5, 0.5, 0.5]
		},
		"firstperson_righthand": {
			"translation": [0, 3, 2.25],
			"scale": [0.5, 0.5, 0.5]
		},
		"firstperson_lefthand": {
			"translation": [0, 3, 2.25],
			"scale": [0.5, 0.5, 0.5]
		},
		"gui": {
			"rotation": [-177.24, -52.87, 156.15],
			"translation": [0.5, -0.25, 0],
			"scale": [0.75, 0.75, 0.75]
		}
	}
}