{
	"credit": "Made with Blockbench",
	"texture_size": [32, 32],
	"textures": {
		"2": "constructionwand:item/infinity_material",
		"3": "constructionwand:item/projector"
	},
	"elements": [
		{
			"name": "Cap",
			"from": [5, 20, 5],
			"to": [11, 22, 11],
			"rotation": {"angle": 0, "axis": "y", "origin": [8, 2, 32]},
			"faces": {
				"north": {"uv": [16, 16, 13, 15], "rotation": 180, "texture": "#2"},
				"east": {"uv": [15, 11.5, 16, 14.5], "rotation": 90, "texture": "#2"},
				"south": {"uv": [13, 10.5, 16, 11.5], "texture": "#2"},
				"west": {"uv": [16, 14.5, 15, 11.5], "rotation": 270, "texture": "#2"},
				"up": {"uv": [13, 7, 16, 10], "texture": "#2"},
				"down": {"uv": [13, 7, 16, 10], "texture": "#2"}
			}
		},
		{
			"name": "Cap",
			"from": [5.5, 3, 5.5],
			"to": [10.5, 5, 10.5],
			"rotation": {"angle": 0, "axis": "y", "origin": [8, 2, 32]},
			"faces": {
				"north": {"uv": [16, 16, 13, 15], "rotation": 180, "texture": "#2"},
				"east": {"uv": [15, 11.5, 16, 14.5], "rotation": 90, "texture": "#2"},
				"south": {"uv": [13, 10.5, 16, 11.5], "texture": "#2"},
				"west": {"uv": [16, 14.5, 15, 11.5], "rotation": 270, "texture": "#2"},
				"up": {"uv": [13, 7, 16, 10], "texture": "#2"},
				"down": {"uv": [13, 10, 16, 7], "rotation": 180, "texture": "#2"}
			}
		},
		{
			"from": [4, 22, 4],
			"to": [12, 23, 12],
			"rotation": {"angle": 0, "axis": "y", "origin": [8, 2, 32]},
			"faces": {
				"north": {"uv": [0, 8, 4, 8.5], "rotation": 180, "texture": "#3"},
				"east": {"uv": [3.5, 8, 4, 12], "rotation": 90, "texture": "#3"},
				"south": {"uv": [0, 11.5, 4, 12], "texture": "#3"},
				"west": {"uv": [0, 8, 0.5, 12], "rotation": 270, "texture": "#3"},
				"up": {"uv": [4, 12, 8, 16], "texture": "#3"},
				"down": {"uv": [0, 12, 4, 16], "rotation": 180, "texture": "#3"}
			}
		},
		{
			"from": [3.5, 25, 3.5],
			"to": [12.5, 25, 12.5],
			"rotation": {"angle": 0, "axis": "y", "origin": [8, 2, 32]},
			"faces": {
				"north": {"uv": [0, 0, 5, 0], "rotation": 180, "texture": "#missing"},
				"east": {"uv": [0, 0, 0, 5], "rotation": 90, "texture": "#missing"},
				"south": {"uv": [0, 0, 5, 0], "texture": "#missing"},
				"west": {"uv": [0, 0, 0, 5], "rotation": 270, "texture": "#missing"},
				"up": {"uv": [6, 0, 11, 5], "texture": "#3"},
				"down": {"uv": [6, 0, 11, 5], "rotation": 180, "texture": "#3"}
			}
		},
		{
			"from": [2.5, 27, 2.5],
			"to": [13.5, 27, 13.5],
			"rotation": {"angle": 0, "axis": "y", "origin": [8, 2, 32]},
			"faces": {
				"north": {"uv": [0, 0, 6, 0], "rotation": 180, "texture": "#missing"},
				"east": {"uv": [0, 0, 0, 6], "rotation": 90, "texture": "#missing"},
				"south": {"uv": [0, 0, 6, 0], "texture": "#missing"},
				"west": {"uv": [0, 0, 0, 6], "rotation": 270, "texture": "#missing"},
				"up": {"uv": [0, 0, 6, 6], "texture": "#3"},
				"down": {"uv": [0, 0, 6, 6], "rotation": 180, "texture": "#3"}
			}
		},
		{
			"from": [21.86001, 26, 12.04882],
			"to": [27.86001, 32, 18.04882],
			"rotation": {"angle": 45, "axis": "y", "origin": [8, 2, 32]},
			"faces": {
				"north": {"uv": [13, 13, 16, 16], "texture": "#3"},
				"east": {"uv": [13, 13, 16, 16], "texture": "#3"},
				"south": {"uv": [13, 13, 16, 16], "texture": "#3"},
				"west": {"uv": [13, 13, 16, 16], "texture": "#3"},
				"up": {"uv": [13, 13, 16, 16], "texture": "#3"},
				"down": {"uv": [13, 13, 16, 16], "texture": "#3"}
			}
		},
		{
			"name": "Cog",
			"from": [23.97056, 1, 11.02944],
			"to": [25.97056, 3, 19.02944],
			"rotation": {"angle": 45, "axis": "y", "origin": [8, 2, 32]},
			"faces": {
				"north": {"uv": [16, 4.5, 15, 3.5], "rotation": 270, "texture": "#2"},
				"east": {"uv": [16, 0, 15, 4], "rotation": 90, "texture": "#2"},
				"south": {"uv": [15, 4.5, 16, 3.5], "rotation": 270, "texture": "#2"},
				"west": {"uv": [15, 0, 16, 4], "rotation": 90, "texture": "#2"},
				"up": {"uv": [14.5, 0, 15.5, 3.5], "rotation": 180, "texture": "#2"},
				"down": {"uv": [15, 0, 16, 3.5], "texture": "#2"}
			}
		},
		{
			"name": "Cog",
			"from": [-9.97056, 1, 11.02944],
			"to": [-7.97056, 3, 19.02944],
			"rotation": {"angle": -45, "axis": "y", "origin": [8, 2, 32]},
			"faces": {
				"north": {"uv": [16, 4.5, 15, 3.5], "rotation": 270, "texture": "#2"},
				"east": {"uv": [16, 0, 15, 4], "rotation": 90, "texture": "#2"},
				"south": {"uv": [15, 4.5, 16, 3.5], "rotation": 270, "texture": "#2"},
				"west": {"uv": [15, 0, 16, 4], "rotation": 90, "texture": "#2"},
				"up": {"uv": [14.5, 0, 15.5, 3.5], "rotation": 180, "texture": "#2"},
				"down": {"uv": [15, 0, 16, 3.5], "texture": "#2"}
			}
		},
		{
			"name": "Cog",
			"from": [4, 1, 7],
			"to": [12, 3, 9],
			"rotation": {"angle": 0, "axis": "y", "origin": [8, 2, 32]},
			"faces": {
				"north": {"uv": [16, 4.5, 15, 3.5], "rotation": 270, "texture": "#2"},
				"east": {"uv": [16, 3.5, 15, 4.5], "rotation": 90, "texture": "#2"},
				"south": {"uv": [15, 4.5, 16, 3.5], "rotation": 270, "texture": "#2"},
				"west": {"uv": [15, 0, 16, 1], "rotation": 90, "texture": "#2"},
				"up": {"uv": [14.5, 0, 15.5, 3.5], "rotation": 90, "texture": "#2"},
				"down": {"uv": [15, 3.5, 16, 0], "rotation": 90, "texture": "#2"}
			}
		},
		{
			"name": "Cog",
			"from": [7, 1, 4],
			"to": [9, 3, 12],
			"rotation": {"angle": 0, "axis": "y", "origin": [8, 2, 32]},
			"faces": {
				"north": {"uv": [16, 4.5, 15, 3.5], "rotation": 270, "texture": "#2"},
				"east": {"uv": [16, 0, 15, 4], "rotation": 90, "texture": "#2"},
				"south": {"uv": [15, 4.5, 16, 3.5], "rotation": 270, "texture": "#2"},
				"west": {"uv": [15, 0, 16, 4], "rotation": 90, "texture": "#2"},
				"up": {"uv": [14.5, 0, 15.5, 3.5], "rotation": 180, "texture": "#2"},
				"down": {"uv": [15, 0, 16, 3.5], "texture": "#2"}
			}
		},
		{
			"from": [7.5, -4.2, 5.5],
			"to": [8.5, 1.8, 8.5],
			"rotation": {"angle": 0, "axis": "y", "origin": [8, 2, 32]},
			"faces": {
				"north": {"uv": [15.5, 0, 16, 1], "texture": "#2"},
				"east": {"uv": [15, 0, 16, 1], "texture": "#2"},
				"west": {"uv": [16, 0, 15, 1], "texture": "#2"},
				"down": {"uv": [14.5, 4, 15.5, 4.5], "rotation": 90, "texture": "#2"}
			}
		},
		{
			"from": [7, -4.7, 7.4],
			"to": [9, 1.3, 10.4],
			"rotation": {"angle": 0, "axis": "y", "origin": [8, 2, 32]},
			"faces": {
				"north": {"uv": [10, 1.5, 10.5, 4], "texture": "#2"},
				"east": {"uv": [11, 1.5, 10, 4], "texture": "#2"},
				"south": {"uv": [10.5, 1.5, 11, 4], "texture": "#2"},
				"west": {"uv": [10, 1.5, 11, 4], "texture": "#2"},
				"up": {"uv": [0.5, 0, 2.5, 3], "rotation": 180, "texture": "#missing"},
				"down": {"uv": [11, 3.5, 10, 4], "rotation": 90, "texture": "#2"}
			}
		},
		{
			"from": [6.5, -13.03867, 12.42077],
			"to": [9.5, -7.53867, 13.92077],
			"rotation": {"angle": 45, "axis": "x", "origin": [8, 2, 32]},
			"faces": {
				"north": {"uv": [0, 0, 3, 5], "texture": "#2"},
				"east": {"uv": [4.5, 0, 3, 5], "texture": "#2"},
				"south": {"uv": [4.5, 5, 7.5, 0], "texture": "#2"},
				"west": {"uv": [4.5, 5, 3, 0], "rotation": 180, "texture": "#2"},
				"up": {"uv": [4.5, 6.5, 7.5, 5], "rotation": 180, "texture": "#2"},
				"down": {"uv": [4.5, 6.5, 7.5, 5], "rotation": 180, "texture": "#2"}
			}
		},
		{
			"from": [6.5, -7.67471, 1.10706],
			"to": [9.5, -2.17471, 2.60706],
			"rotation": {"angle": 45, "axis": "x", "origin": [8, 2, 32]},
			"faces": {
				"north": {"uv": [4.5, 0, 7.5, 5], "texture": "#2"},
				"east": {"uv": [3, 5, 4.5, 0], "texture": "#2"},
				"south": {"uv": [0, 0, 3, 5], "texture": "#2"},
				"west": {"uv": [3, 0, 4.5, 5], "rotation": 180, "texture": "#2"},
				"up": {"uv": [0, 5, 3, 6.5], "rotation": 180, "texture": "#2"},
				"down": {"uv": [4.5, 6.5, 7.5, 5], "rotation": 180, "texture": "#2"}
			}
		},
		{
			"from": [7, -8.38182, 1.71366],
			"to": [9, -6.88182, 13.21366],
			"rotation": {"angle": 45, "axis": "x", "origin": [8, 2, 32]},
			"faces": {
				"north": {"uv": [0, 8.5, 1.5, 10.5], "rotation": 90, "texture": "#2"},
				"east": {"uv": [1, 10.5, 11.5, 12], "texture": "#2"},
				"south": {"uv": [11, 8.5, 12.5, 10.5], "rotation": 90, "texture": "#2"},
				"west": {"uv": [1, 8.5, 11.5, 7], "texture": "#2"},
				"up": {"uv": [1, 10.5, 11.5, 8.5], "rotation": 90, "texture": "#2"},
				"down": {"uv": [11.5, 10.5, 1, 8.5], "rotation": 90, "texture": "#2"}
			}
		},
		{
			"from": [7, -14.24578, 8.12788],
			"to": [9, -12.74578, 13.62788],
			"rotation": {"angle": 45, "axis": "x", "origin": [8, 2, 32]},
			"faces": {
				"north": {"uv": [9, 6.5, 11, 5], "texture": "#2"},
				"east": {"uv": [12, 5.5, 10.5, 0], "rotation": 90, "texture": "#2"},
				"south": {"uv": [9, 5, 11, 6.5], "rotation": 180, "texture": "#2"},
				"west": {"uv": [8, 0, 9.5, 5.5], "rotation": 90, "texture": "#2"},
				"up": {"uv": [13.5, 5.5, 11.5, 0], "texture": "#2"},
				"down": {"uv": [9, 5.5, 11, 0], "rotation": 180, "texture": "#2"}
			}
		},
		{
			"from": [7, -2.54819, 2.23358],
			"to": [9, -1.04819, 7.73358],
			"rotation": {"angle": 45, "axis": "x", "origin": [8, 2, 32]},
			"faces": {
				"north": {"uv": [0, 0, 1, 1], "texture": "#missing"},
				"east": {"uv": [10.5, 5.5, 12, 0], "rotation": 90, "texture": "#2"},
				"south": {"uv": [11, 6, 9, 7.5], "texture": "#2"},
				"west": {"uv": [9.5, 0, 8, 5.5], "rotation": 90, "texture": "#2"},
				"up": {"uv": [9, 5.5, 11, 0], "texture": "#2"},
				"down": {"uv": [11.5, 5.5, 13.5, 0], "rotation": 180, "texture": "#2"}
			}
		},
		{
			"from": [6.5, -13.33156, 6.76392],
			"to": [9.5, -1.83156, 8.26392],
			"rotation": {"angle": 45, "axis": "x", "origin": [8, 2, 32]},
			"faces": {
				"north": {"uv": [1, 8, 11.5, 11], "rotation": 90, "texture": "#2"},
				"east": {"uv": [1, 10.5, 11.5, 12], "rotation": 90, "texture": "#2"},
				"south": {"uv": [1, 13, 11.5, 16], "rotation": 90, "texture": "#2"},
				"west": {"uv": [1, 7, 11.5, 8.5], "rotation": 90, "texture": "#2"},
				"up": {"uv": [1.5, 11, 0, 8], "rotation": 90, "texture": "#2"},
				"down": {"uv": [12.5, 11, 11, 8], "rotation": 90, "texture": "#2"}
			}
		}
	],
	"gui_light": "front",
	"display": {
		"thirdperson_righthand": {
			"translation": [0, 4, 1.75],
			"scale": [0.5, 0.5, 0.5]
		},
		"thirdperson_lefthand": {
			"translation": [0, 4, 1.75],
			"scale": [0.5, 0.5, 0.5]
		},
		"firstperson_righthand": {
			"rotation": [-12, 0, 0],
			"translation": [1.75, 4, 1],
			"scale": [0.35, 0.35, 0.35]
		},
		"firstperson_lefthand": {
			"rotation": [-12, 0, 0],
			"translation": [1.5, 4, 1],
			"scale": [0.35, 0.35, 0.35]
		},
		"ground": {
			"translation": [0, 3.75, 0],
			"scale": [0.5, 0.5, 0.5]
		},
		"gui": {
			"rotation": [119.75, 50, -90],
			"translation": [-2, -2.25, 0],
			"scale": [0.5, 0.5, 0.5]
		},
		"fixed": {
			"rotation": [-90, 43, 90],
			"translation": [1.75, -2, 0],
			"scale": [0.5, 0.5, 0.5]
		}
	}
}